socks5://152.53.171.242:11691,ES,Unknown
socks5://152.53.171.242:10105,ES,Unknown
socks5://152.53.171.242:22124,ES,Unknown
socks5://152.53.171.242:17189,ES,Unknown
socks5://152.53.171.242:11712,ES,Unknown
socks5://152.53.171.242:26694,ES,Unknown
socks5://152.53.171.242:20778,ES,Unknown
socks5://152.53.171.242:27345,ES,Unknown
http://195.114.209.50:443,ES,Unknown
http://195.114.209.50:80,ES,
http://185.238.228.120:80,ES,
http://185.238.228.48:80,ES,
http://185.238.228.68:80,ES,
http://185.238.228.17:80,ES,
http://185.238.228.20:80,ES,
http://185.238.228.207:80,ES,
http://185.238.228.142:80,ES,
http://185.238.228.210:80,ES,