socks5://36.255.98.161:4167,LT,Unknown
socks5://62.60.131.188:4150,LT,Unknown
socks5://62.60.131.203:4298,LT,Unknown
socks5://36.255.98.169:4064,LT,Unknown
socks5://36.255.98.153:4262,LT,Unknown
socks5://36.255.98.181:4121,LT,Unknown
socks5://62.60.131.184:4145,LT,Unknown
socks5://36.255.98.162:4086,LT,Unknown
socks5://36.255.98.161:4229,LT,Unknown
socks5://62.60.131.196:4100,LT,Unknown
socks5://62.60.131.185:4066,LT,Unknown
socks5://36.255.98.183:4038,LT,Unknown
socks5://62.60.131.190:4066,LT,Unknown
socks5://36.255.98.175:4223,LT,Unknown
socks5://36.255.98.181:4077,LT,Unknown
socks5://62.60.131.196:4090,LT,Unknown