socks5://193.233.254.8:1080,DE,Unknown
socks5://193.233.254.9:1080,DE,Unknown
socks5://64.188.124.97:1080,DE,Frankfurt am Main
socks5://89.19.209.217:31285,DE,Unknown
socks5://36.255.98.175:4149,DE,Unknown
socks5://36.255.98.165:4065,DE,Unknown
socks5://36.255.98.181:4006,DE,Unknown
socks5://62.60.131.181:4091,DE,Unknown
socks5://36.255.98.160:4036,DE,Unknown
socks5://36.255.98.169:4030,DE,Unknown
socks5://62.60.131.185:17872,DE,Unknown
socks5://62.60.131.180:4031,DE,Unknown
socks5://36.255.98.180:4024,DE,Unknown
socks5://43.157.34.94:1777,DE,Unknown
socks5://43.131.9.114:1777,DE,Unknown
socks5://62.60.131.184:4205,DE,Unknown
socks5://62.60.131.194:4039,DE,Unknown
socks5://62.60.131.179:6753,DE,Unknown
socks5://62.60.131.196:4094,DE,Unknown
socks5://36.255.98.184:5708,DE,Unknown
socks5://62.60.131.192:4126,DE,Unknown
socks5://36.255.98.163:4060,DE,Unknown
socks5://62.60.131.185:4167,DE,Unknown
socks5://62.60.131.188:4083,DE,Unknown
socks5://62.60.131.182:4194,DE,Unknown
socks5://62.60.131.197:4121,DE,Unknown
socks5://36.255.98.163:4378,DE,Unknown
socks5://36.255.98.167:4052,DE,Unknown
socks5://36.255.98.180:4040,DE,Unknown
socks5://36.255.98.154:4530,DE,Unknown
socks5://62.60.131.184:4091,DE,Unknown
socks5://62.60.131.195:4064,DE,Unknown
socks5://36.255.98.160:4360,DE,Unknown
socks5://62.60.131.193:4305,DE,Unknown
socks5://62.60.131.183:4147,DE,Unknown
socks5://62.60.131.178:4249,DE,Unknown
socks5://36.255.98.154:4127,DE,Unknown
socks5://62.60.131.196:4226,DE,Unknown
http://141.147.9.254:443,DE,Unknown
http://206.81.26.113:443,DE,Unknown
http://23.88.59.163:443,DE,Unknown
http://116.203.117.22:443,DE,Unknown
http://57.129.1.214:443,DE,Unknown
http://217.69.241.186:443,DE,Unknown
http://116.203.49.36:443,DE,Unknown
http://165.225.72.38:11724,DE,Unknown
http://165.225.72.38:11745,DE,Unknown
http://165.225.72.38:11742,DE,Unknown
http://165.225.72.38:11480,DE,Unknown
http://165.225.72.38:11265,DE,Unknown
http://54.37.72.89:443,DE,Unknown
http://165.225.72.38:11749,DE,Unknown
http://165.225.72.38:10227,DE,Unknown
http://165.225.72.38:11712,DE,Unknown
http://165.225.72.38:11711,DE,Unknown
http://85.215.50.161:443,DE,Unknown
http://165.225.72.38:11714,DE,Unknown
http://167.235.198.62:443,DE,Unknown
http://165.225.72.38:11733,DE,Unknown
http://165.225.72.38:11716,DE,Unknown
http://165.225.72.38:11657,DE,Unknown
http://165.225.72.38:11687,DE,Unknown
http://62.171.146.164:443,DE,Unknown
http://94.156.112.198:3129,DE,Unknown
http://94.16.116.86:8448,DE,Unknown
http://165.225.72.38:11731,DE,Unknown
http://165.225.72.38:11011,DE,Unknown
http://158.173.154.58:9002,DE,Unknown
http://158.173.154.1:9002,DE,Unknown
http://158.173.154.2:9002,DE,Unknown
http://158.173.154.46:9002,DE,Unknown
http://158.173.154.47:9002,DE,Unknown
http://158.173.154.50:9002,DE,Unknown
http://158.173.154.51:9002,DE,Unknown
http://158.173.154.52:9002,DE,Unknown
http://158.173.154.53:9002,DE,Unknown
http://158.173.154.54:9002,DE,Unknown
http://158.173.154.56:9002,DE,Unknown
http://158.173.154.57:9002,DE,Unknown
http://158.173.154.59:9002,DE,Unknown
http://158.173.154.60:9002,DE,Unknown
http://158.173.154.61:9002,DE,Unknown
http://158.173.154.62:9002,DE,Unknown
http://158.173.154.63:9002,DE,Unknown
http://158.173.154.64:9002,DE,Unknown
http://158.173.154.66:9002,DE,Unknown
http://158.173.154.68:9002,DE,Unknown
http://158.173.154.70:9002,DE,Unknown
http://158.173.154.71:9002,DE,Unknown
http://158.173.154.72:9002,DE,Unknown
http://158.173.154.74:9002,DE,Unknown
http://158.173.154.78:9002,DE,Unknown
http://165.225.72.38:11722,DE,Unknown
http://158.173.154.67:9002,DE,Unknown
http://158.173.154.55:9002,DE,Unknown
http://158.173.154.49:9002,DE,Unknown
http://88.99.99.26:8888,DE,Unknown
http://158.173.154.83:9002,DE,Unknown
http://158.173.154.77:9002,DE,Unknown
http://158.173.154.79:9002,DE,Unknown
http://158.173.154.76:9002,DE,Unknown
http://158.173.154.75:9002,DE,Unknown
http://85.214.204.79:443,DE,Unknown
http://158.173.154.73:9002,DE,Unknown
http://165.225.72.38:11680,DE,Unknown
http://165.225.72.38:11563,DE,Unknown
http://158.173.154.84:9002,DE,Unknown
http://158.173.154.85:9002,DE,Unknown
http://165.225.72.38:11730,DE,Unknown
http://158.173.154.82:9002,DE,Unknown
http://158.173.154.81:9002,DE,Unknown
http://165.225.72.38:11727,DE,Unknown
http://158.173.154.48:9002,DE,Unknown
http://158.173.154.65:9002,DE,Unknown
http://158.173.154.69:9002,DE,Unknown
http://158.173.154.80:9002,DE,Unknown
http://165.225.72.38:11683,DE,Unknown
http://49.13.0.108:8443,DE,Unknown
http://47.91.65.23:3128,DE,Frankfurt am Main
http://195.58.38.78:3128,DE,Unknown
http://212.114.194.73:80,DE,Unknown
http://91.98.78.64:80,DE,Unknown
http://95.179.242.209:80,DE,Frankfurt am Main
http://23.88.88.102:443,DE,Unknown
http://209.38.222.145:8080,DE,Unknown
http://91.107.154.88:80,DE,Unknown
http://94.177.58.26:7443,DE,Unknown
http://85.234.69.183:3128,DE,Unknown
http://161.35.70.249:3128,DE,Frankfurt am Main
http://188.40.57.101:80,DE,Falkenstein
http://213.157.6.50:80,DE,R?dermark
socks4://193.233.254.9:1080,DE,Frankfurt am Main
socks4://193.233.254.8:1080,DE,Frankfurt am Main
socks4://193.233.254.7:1080,DE,Frankfurt am Main