socks5://5.255.117.127:1080,NL,Dronten
socks5://5.255.117.250:1080,NL,Dronten
http://45.131.6.237:80,NL,
http://45.131.5.56:80,NL,
http://45.131.6.196:80,NL,
http://45.131.6.185:80,NL,
http://45.131.4.94:80,NL,
http://45.131.6.38:80,NL,
http://45.131.7.32:80,NL,
http://45.131.5.15:80,NL,
http://45.131.6.105:80,NL,
http://188.114.97.181:80,NL,Amsterdam
http://45.131.6.141:80,NL,
http://45.131.6.158:80,NL,
http://45.131.208.97:80,NL,
http://45.131.6.99:80,NL,
http://45.131.7.122:80,NL,
http://181.214.1.8:80,NL,Naaldwijk
http://45.131.7.230:80,NL,
http://45.131.4.95:80,NL,
http://45.131.5.66:80,NL,
http://45.131.5.19:80,NL,
http://45.131.7.251:80,NL,
http://98.64.128.182:3128,NL,Amsterdam
http://45.131.208.9:80,NL,
http://45.131.6.26:80,NL,
http://45.131.7.84:80,NL,
http://45.131.6.139:80,NL,
http://45.131.6.165:80,NL,
http://45.131.5.201:80,NL,
http://188.114.97.11:80,NL,Amsterdam
http://45.131.4.22:80,NL,
http://45.131.4.219:80,NL,
http://45.131.6.197:80,NL,
http://45.131.5.236:80,NL,
http://45.131.5.112:80,NL,
http://45.131.7.24:80,NL,
http://45.131.6.187:80,NL,